read_bytes,write_bytes,file_open_count,exe_run_attempts,cmd_proc_count,label
2079866,1774348,17,3,7,1
3046027,1213505,23,3,5,1
950207,510420,6,0,0,0
1255535,335460,2,0,3,0
1191028,457059,6,0,1,0
2977438,2432644,15,1,5,1
1662716,1679136,10,1,5,1
744084,755819,6,0,1,0
3447116,2862846,18,2,7,1
1154926,446476,2,0,2,0
2876832,2876597,16,3,2,1
1945080,2686135,20,2,6,1
891016,479097,8,0,0,0
2587083,2117727,12,1,7,1
1072279,448271,2,0,1,0
2522690,1741941,15,1,8,1
3413201,1382148,16,3,5,1
751069,539180,5,0,1,0
1143508,342949,6,0,1,0
922983,448395,8,0,0,0
2551373,1414537,9,3,6,1
2595137,2153067,14,2,4,1
3192874,1990040,16,3,2,1
2888263,2097701,16,2,7,1
2437172,3022240,13,2,9,1
946118,591831,4,0,1,0
2608823,2266391,16,1,3,1
2816107,2222447,23,3,2,1
3717154,1409513,22,2,4,1
3079047,1750506,19,3,6,1
3735792,1026737,11,2,3,1
1130873,498469,7,0,1,0
3148613,2108603,13,2,2,1
3169677,1582864,18,1,6,1
1462931,512810,6,0,1,0
887255,480365,3,0,0,0
1194314,493740,4,0,1,0
1211684,401140,8,0,0,0
2228274,2697717,20,2,3,1
1017409,657957,1,0,3,0
2338826,2196987,20,1,7,1
988890,403165,4,0,1,0
2288020,2181502,16,3,0,1
2928170,1269749,10,1,6,1
3342645,1474906,11,3,5,1
996196,610818,6,0,2,0
919755,536496,6,0,1,0
959561,462938,3,0,1,0
1051205,358163,5,0,1,0
3518590,1971301,16,3,8,1
1094293,671170,6,0,1,0
1288313,583849,8,0,1,0
2280639,1357067,13,1,2,1
2451562,1963446,7,3,5,1
1067520,553650,6,0,1,0
1254311,472318,5,0,0,0
647391,502975,7,0,1,0
998405,462087,5,0,0,0
1136390,370531,7,0,0,0
2742414,2296164,14,3,3,1
1164634,630174,6,0,1,0
1057954,497497,2,0,0,0
870685,667770,4,0,2,0
1200706,588963,5,0,1,0
2842459,1608704,15,1,2,1
827743,398524,4,0,0,0
956463,577169,4,0,2,0
3079378,2237316,11,3,1,1
3598584,2865160,12,2,1,1
955307,544001,4,0,1,0
1255532,497444,5,0,0,0
3659098,2171463,16,1,5,1
2818826,3024354,11,1,5,1
875460,604709,4,0,2,0
743914,575334,4,0,1,0
3347582,1992264,16,1,8,1
1514671,599604,2,0,1,0
867475,390768,3,0,3,0
1007052,430709,4,0,1,0
2781131,1572753,15,1,3,1
2619206,2193293,19,3,7,1
941661,562067,5,0,1,0
841495,520838,6,0,0,0
3455107,2155236,10,3,6,1
3339364,1722445,15,2,2,1
1271248,351443,5,0,0,0
815566,319801,8,0,0,0
2817161,1561651,16,3,6,1
2907983,1861555,15,1,3,1
3260724,1807253,17,2,9,1
2103461,1763177,14,2,9,1
869334,564084,2,0,0,0
879956,512003,5,0,1,0
3093495,2536464,19,1,4,1
3041220,2061121,19,3,3,1
1223914,721052,4,0,1,0
807015,330704,5,0,2,0
719629,426906,4,0,1,0
2531703,2071188,16,2,4,1
1235888,482692,7,0,1,0
3299551,1796512,13,2,8,1
1220660,558857,4,0,1,0
2386910,2529782,19,1,7,1
2903347,2111963,18,2,5,1
961932,423002,3,0,2,0
704295,391894,6,0,0,0
1195109,410539,1,0,1,0
2979264,2416589,20,3,5,1
715050,597255,4,0,0,0
2323122,2051322,11,1,6,1
808891,363019,5,0,3,0
1824772,1237214,12,2,8,1
854851,700609,7,0,1,0
1043291,542545,4,0,0,0
1117371,496687,2,0,0,0
1137210,490166,5,0,2,0
2535431,2006084,14,2,6,1
950922,455356,4,0,0,0
1060309,461229,0,0,0,0
3737556,1535890,14,3,3,1
2396120,2007002,15,2,3,1
2772400,1634071,10,3,0,1
3211217,1968305,18,2,6,1
850302,743975,3,0,1,0
1261428,550727,3,0,1,0
3714380,1983978,20,1,3,1
3016762,1207077,12,3,7,1
2891738,2294038,24,1,6,1
3008062,1774502,20,1,5,1
860054,428159,7,0,2,0
3543190,1847022,21,3,4,1
1018352,457981,6,0,1,0
2556979,2122557,13,3,5,1
2970784,1850242,13,2,2,1
1335287,552969,8,0,1,0
887542,429682,6,0,0,0
1304624,435072,2,0,2,0
1062181,599801,6,0,0,0
2544756,1974599,12,2,6,1
803698,672754,6,0,1,0
3351329,1876059,8,2,2,1
712827,442629,4,0,0,0
3585583,1443352,21,2,4,1
1037290,587736,4,0,0,0
1049644,466291,3,0,0,0
2955727,2304940,17,1,6,1
1118620,539968,7,0,0,0
3147359,2331131,14,1,3,1
836355,507682,7,0,1,0
3708205,2145689,22,3,5,1
3464045,1480389,23,1,4,1
3134025,1288561,18,1,2,1
1873603,2887745,9,2,6,1
2102904,2309180,13,1,7,1
674491,731932,4,0,1,0
2766905,2241395,23,2,6,1
3553115,2190676,23,1,7,1
1165436,347681,7,0,2,0
1064543,437623,10,0,1,0
939779,372325,5,0,3,0
1310230,638427,5,0,0,0
905792,573264,5,0,2,0
3532688,2359584,16,1,4,1
2186344,2197478,23,2,8,1
915870,444452,6,0,0,0
1034915,547141,7,0,0,0
2961252,2589209,21,2,7,1
3289464,1612518,9,1,2,1
2308329,1959052,16,3,8,1
832055,532135,5,0,0,0
759940,399837,3,0,2,0
2496066,2204067,12,2,10,1
1185235,533088,5,0,0,0
895455,530883,4,0,2,0
1019930,498357,3,0,1,0
1170486,502688,6,0,0,0
3734892,2425795,17,3,7,1
895095,586047,3,0,0,0
678710,491171,8,0,0,0
2867203,1779862,11,1,1,1
1092420,543632,5,0,0,0
1126556,478655,9,0,0,0
1210760,644376,4,0,1,0
997300,538019,6,0,1,0
3786199,1509605,19,1,8,1
3733391,1793052,23,2,6,1
3307983,1439616,12,3,10,1
880121,542192,1,0,1,0
3578416,1742530,15,1,3,1
2252229,923543,17,2,9,1
704282,379030,6,0,1,0
3893673,1783305,15,3,6,1
3836434,1422918,11,3,6,1
2568010,2427600,11,1,9,1
2885459,2019277,17,3,9,1
835863,657745,4,0,1,0
2288885,1694411,18,1,1,1
1061459,342360,2,0,0,0
1756088,1664139,22,2,9,1
1124569,600981,4,0,1,0
2616977,2225077,15,3,3,1
1375359,240895,5,0,2,0
1412149,575892,7,0,1,0
977534,470505,5,0,0,0
2537968,1118381,19,1,6,1
3737939,1943093,16,3,3,1
1042818,565020,6,0,2,0
718497,395519,2,0,1,0
1295071,210374,6,0,3,0
3345455,2069039,21,3,6,1
760758,519655,8,0,0,0
2827761,2287020,12,2,6,1
3464466,2536810,17,2,3,1
3875462,1997963,16,3,4,1
988094,519759,6,0,3,0
1048993,572762,7,0,1,0
2435075,2618590,10,3,4,1
539615,530982,5,0,2,0
2581297,2486221,22,3,4,1
1011641,495441,3,0,0,0
2854773,1326002,17,1,1,1
3404632,2237875,11,2,3,1
1005218,518455,6,0,1,0
1003683,505664,1,0,3,0
902927,495984,3,0,2,0
1100809,554329,3,0,0,0
879658,517770,8,0,1,0
832156,522213,4,0,1,0
2122281,1243084,16,3,4,1
3128375,1804215,12,3,2,1
2911254,1510872,15,1,1,1
763348,517989,2,0,0,0
1034173,421510,4,0,1,0
3182697,1803281,18,2,6,1
2833710,2363397,10,1,4,1
3009799,1958703,13,1,3,1
3278568,2741871,16,3,4,1
2018355,3055648,15,3,4,1
3142377,1424159,12,2,4,1
3010546,1892731,19,1,9,1
841905,482705,7,0,0,0
2815340,1790518,18,3,3,1
4162349,1807806,13,3,5,1
953082,446900,3,0,2,0
986784,570810,7,0,1,0
1051944,519204,2,0,2,0
3374641,1632594,6,1,4,1
3128626,1684928,16,2,3,1
2365354,1812249,15,3,3,1
1218838,682600,6,0,0,0
2870977,2909885,12,2,5,1
1288254,552283,3,0,2,0
2728196,1708138,20,1,3,1
802079,433092,4,0,1,0
2825921,1141163,15,2,6,1
2246737,1128163,21,2,4,1
1099599,618703,4,0,0,0
1166067,461182,6,0,1,0
2550986,2148938,14,2,5,1
2665281,1827447,17,1,7,1
2672733,2235241,18,3,6,1
594971,650339,10,0,0,0
946025,244607,6,0,2,0
2050164,2079046,15,3,4,1
2641409,1855009,21,2,3,1
3898332,2039003,13,1,9,1
1014313,516057,3,0,0,0
1103009,556976,4,0,2,0
3198698,1771651,10,1,11,1
3032252,2312451,19,2,8,1
968012,486041,9,0,0,0
1066252,625575,1,0,0,0
1122074,526067,1,0,0,0
2339222,1628756,19,1,7,1
2996155,1531602,22,1,8,1
2486038,2404285,13,3,7,1
2570193,2379893,17,1,4,1
2537303,1971018,21,2,8,1
1002518,494238,10,0,1,0
2411677,1588572,12,2,6,1
3388468,2269882,20,1,6,1
3028932,2043986,16,3,6,1
3536270,1697160,20,3,2,1
688674,556550,2,0,0,0
869679,495228,3,0,1,0
1096201,455671,4,0,1,0
823228,347447,5,0,0,0
3165959,2230539,15,2,5,1
1071422,408134,2,0,0,0
2635520,2482663,11,3,3,1
804247,593431,8,0,1,0
2619818,1875513,17,3,9,1
994697,348425,3,0,0,0
2029216,1666333,16,3,5,1
2498280,2673285,13,2,3,1
2365267,1811117,19,1,5,1
2908235,1436368,22,1,3,1
2253768,2000891,18,3,6,1
2704490,2286222,14,2,4,1
3479408,2525024,15,3,6,1
575220,661371,5,0,1,0
1201258,389663,4,0,2,0
2974228,2719084,16,2,6,1
2892106,1700180,27,2,5,1
798796,599626,4,0,1,0
1306547,521743,4,0,1,0
3268739,2333774,13,2,10,1
3245706,2324440,16,3,8,1
1350958,538115,3,0,3,0
1015160,467836,5,0,1,0
648252,389641,4,0,2,0
3284136,2474071,17,1,3,1
1273726,471932,7,0,0,0
1011144,439438,5,0,0,0
3134590,2605337,16,1,3,1
1350454,389679,4,0,1,0
1123187,370316,6,0,0,0
3484684,1722491,19,1,3,1
696126,569822,7,0,0,0
4071503,1772266,17,3,2,1
2548595,2154863,12,1,2,1
1646228,2200000,15,1,10,1
469806,652846,1,0,1,0
2946954,959629,18,1,9,1
2702894,2802677,16,1,6,1
3439481,2497175,19,1,5,1
1183080,655050,6,0,2,0
2262748,1470481,16,1,5,1
750443,519791,2,0,1,0
1117663,353562,1,0,0,0
3116047,1333425,15,1,6,1
2870530,1782105,16,3,2,1
3582030,2006260,13,2,3,1
2409009,2140615,15,3,5,1
869632,421401,2,0,2,0
2877985,2080324,17,2,7,1
626546,431894,6,0,1,0
1492648,679587,8,0,1,0
931462,463504,8,0,2,0
1454138,649072,4,0,3,0
1055338,619504,8,0,0,0
1009479,366876,6,0,0,0
2945930,2510817,16,3,7,1
2727456,1613903,23,1,3,1
3797088,2120901,18,2,8,1
2809618,3183707,9,3,3,1
609582,657398,6,0,0,0
3037836,1141983,22,1,5,1
1430636,663343,4,0,0,0
3468028,1102928,15,3,8,1
1370455,366465,4,0,1,0
968864,599204,3,0,2,0
1114178,564272,6,0,0,0
3559843,2718214,21,2,5,1
2592994,2370536,21,3,8,1
3349407,1533814,12,2,4,1
1145153,406673,3,0,0,0
3219743,2136118,19,3,5,1
1044776,411519,2,0,0,0
830641,524380,4,0,1,0
1042203,486154,3,0,2,0
3182280,1628806,15,3,5,1
3276452,2694332,10,1,5,1
3563675,1758033,21,1,10,1
3578003,2353795,20,3,0,1
3036126,2654932,16,1,2,1
896345,423220,8,0,1,0
1209801,670221,6,0,0,0
1068723,502831,3,0,1,0
2902263,3202418,18,3,2,1
857129,504643,1,0,0,0
3220029,2198523,18,3,4,1
2887368,1747255,19,2,6,1
2450795,2406640,10,2,6,1
3410149,1471751,18,1,6,1
2691928,2611968,15,3,2,1
3016198,2379750,5,3,5,1
4333452,1636612,13,2,9,1
3534396,2446594,13,2,3,1
1544033,493424,5,0,0,0
3054541,2682163,16,1,7,1
2750430,1952329,19,2,4,1
1648325,2091497,16,2,6,1
3750421,1517605,14,2,4,1
2404541,2398987,15,3,4,1
1080342,549568,2,0,0,0
3908377,2832801,9,3,8,1
3015238,1836732,20,1,3,1
710383,507863,5,0,0,0
3201134,1533446,17,2,3,1
1489150,619657,4,0,0,0
3450864,2495595,24,2,3,1
2616838,2060922,19,3,6,1
828783,517041,7,0,1,0
4067793,2891452,15,1,7,1
1305910,451208,2,0,3,0
1173151,431801,3,0,0,0
3016071,2242679,18,3,2,1
2462669,1562092,19,1,2,1
3666275,2472944,13,3,3,1
3404556,2281893,11,1,2,1
775071,729094,2,0,0,0
2979354,1501385,16,3,2,1
2300159,2510812,14,3,3,1
1109419,554360,11,0,1,0
2250409,2176885,13,3,9,1
977092,659450,4,0,1,0
1004902,610552,4,0,2,0
1206199,456550,3,0,1,0
2017731,1820798,12,2,4,1
3416578,2526105,14,1,4,1
1165083,614876,3,0,2,0
2283097,1631131,19,3,5,1
985110,563293,2,0,2,0
927277,380411,7,0,0,0
1231865,617347,6,0,1,0
716925,437685,2,0,1,0
3210858,2589432,12,2,6,1
1218301,550783,5,0,1,0
2137114,1575447,18,2,4,1
1326482,434858,8,0,1,0
1187135,477874,4,0,1,0
1179919,565232,11,0,0,0
819136,469088,4,0,0,0
3651295,1915790,13,3,4,1
2546675,1778196,19,2,5,1
3676400,1792684,9,1,4,1
1036668,424572,5,0,2,0
969642,377423,7,0,1,0
2455794,1485151,17,1,6,1
1039169,572238,7,0,0,0
801892,448238,1,0,2,0
1158332,457188,7,0,1,0
882127,607868,5,0,0,0
1074229,526739,4,0,0,0
1069516,541953,6,0,0,0
2987800,1673735,11,1,2,1
799494,396009,5,0,1,0
822097,607363,11,0,0,0
3392073,2373722,11,3,7,1
3481251,2331823,17,1,5,1
1225313,553665,2,0,1,0
1770546,544770,7,0,0,0
2550600,2422227,14,2,3,1
1045491,582048,4,0,1,0
3673049,1621997,14,1,4,1
3265341,1442733,20,1,3,1
1369791,395308,4,0,0,0
2373246,2391013,20,3,4,1
3160498,1357200,13,3,4,1
715549,663911,3,0,0,0
1009616,539331,1,0,1,0
771405,524333,5,0,3,0
1849264,1817423,16,1,7,1
2806062,1313960,15,2,4,1
2210281,1587693,14,3,8,1
2974440,1537821,16,2,2,1
3770220,2983458,12,2,3,1
907316,442436,2,0,2,0
735908,514671,1,0,1,0
657966,439021,3,0,0,0
1317203,539922,3,0,0,0
1162572,647654,6,0,0,0
774902,402693,7,0,1,0
901399,454111,2,0,1,0
1139241,434310,9,0,0,0
911141,363312,3,0,1,0
2962536,2118071,20,1,3,1
1233556,482504,10,0,0,0
3436076,2507968,23,2,5,1
899304,618839,1,0,1,0
2488373,1992218,16,3,5,1
820549,465074,10,0,2,0
1418477,371700,5,0,1,0
1144334,530740,8,0,0,0
1615776,596387,3,0,1,0
1415080,581776,3,0,0,0
1309986,684670,5,0,2,0
881521,667257,6,0,0,0
818487,407932,5,0,0,0
2503203,2127365,12,3,5,1
1014818,594077,3,0,3,0
2481004,1936296,18,2,8,1
2785509,2204842,9,3,6,1
3145601,1342279,15,2,6,1
1021286,592784,6,0,1,0
761739,564548,4,0,1,0
2558065,2147755,14,1,4,1
2983976,2492699,17,1,5,1
557772,302453,3,0,3,0
1171531,708837,4,0,2,0
2659913,1942001,17,1,8,1
2415911,2225613,13,2,3,1
3204532,1598864,19,2,10,1
3412051,1257406,17,1,8,1
904468,500304,6,0,3,0
857430,435648,7,0,1,0
1077063,392991,2,0,1,0
3872291,1789321,25,1,2,1
2830344,1472647,24,1,4,1
659323,555005,2,0,1,0
3581688,2331420,18,2,3,1
699371,513653,6,0,0,0
1059224,528916,5,0,1,0
1036373,514866,4,0,1,0
2881096,2045584,11,1,8,1
1373154,364014,8,0,2,0
1013503,585341,6,0,0,0
1142322,250059,6,0,1,0
3595545,1770987,14,3,3,1
1062250,485299,6,0,0,0
884645,516936,4,0,0,0
3833628,1767616,16,3,2,1
3426582,1597236,10,2,5,1
2747850,1588917,11,1,3,1
812024,555248,9,0,0,0
947068,656552,3,0,1,0
820317,470243,5,0,0,0
3141017,1876329,13,3,9,1
2789400,1462131,19,3,5,1
4220610,2723472,14,2,8,1
3141526,1648041,18,3,2,1
1810784,2104426,25,1,8,1
797579,574209,6,0,0,0
2917459,2595630,17,3,7,1
3069826,2202411,12,3,7,1
1103531,654210,5,0,1,0
2777596,1056935,15,3,3,1
1071403,482737,3,0,1,0
505671,508182,7,0,1,0
2681888,1576751,20,2,4,1
894047,598432,3,0,2,0
3712313,3226184,12,1,5,1
2853657,1681256,19,1,3,1
1047122,406066,7,0,1,0
3219726,1804795,15,1,3,1
3515329,1459998,19,2,7,1
3644431,1095366,15,2,2,1
2589092,1876637,15,3,6,1
958375,668392,2,0,1,0
2639893,1063497,16,3,5,1
3498632,1941172,19,2,10,1
856311,591632,3,0,1,0
798382,469477,3,0,2,0
3505419,965812,12,1,4,1
2524523,2537610,9,3,6,1
1075460,477523,4,0,0,0
889270,359739,5,0,0,0
846530,385365,2,0,2,0
864567,707674,5,0,1,0
2889109,1372919,14,1,4,1
2546548,2958629,14,2,4,1
980657,377570,4,0,1,0
2597004,2747515,13,1,5,1
592375,393488,3,0,0,0
1124823,650075,6,0,0,0
1064833,453229,7,0,2,0
3600965,2630424,9,3,6,1
2685664,2157222,16,1,7,1
1048392,756008,3,0,0,0
836837,397348,8,0,0,0
814613,631739,9,0,2,0
2432989,1953562,11,1,7,1
3956002,2082620,17,1,2,1
2798356,2568690,18,2,6,1
1162703,559065,1,0,0,0
879202,532169,3,0,4,0
1025844,484147,4,0,1,0
3653036,2589971,9,3,2,1
1897352,2388465,7,3,6,1
1078890,608589,5,0,0,0
753827,610870,5,0,2,0
2433925,939956,16,2,0,1
2394919,1631485,15,3,4,1
905613,455381,5,0,1,0
2935868,2016721,17,2,10,1
1102887,467516,2,0,2,0
757162,450624,5,0,0,0
1125925,638009,5,0,1,0
2842654,862689,15,3,6,1
3775622,2991816,5,2,4,1
1249217,553829,3,0,1,0
3903044,1976100,18,3,3,1
2724706,2687305,22,2,6,1
3259109,3062278,17,3,3,1
956179,548650,4,0,0,0
1112593,537405,9,0,1,0
2648144,1671687,10,1,3,1
1304605,605364,8,0,2,0
2080740,2515826,11,2,7,1
1151501,527899,5,0,0,0
1119031,547704,5,0,4,0
953172,763238,2,0,0,0
3485087,2032512,13,2,2,1
959390,470972,6,0,2,0
2500952,1619119,16,2,3,1
1039372,333903,2,0,4,0
1105960,499392,6,0,0,0
1100997,475282,4,0,0,0
843349,558392,7,0,1,0
1173921,554146,1,0,1,0
2715150,2392592,21,3,5,1
2754219,2365949,11,3,2,1
3109194,2177669,14,2,4,1
2574557,1949006,20,1,4,1
916942,621876,4,0,1,0
2267512,1671482,13,2,5,1
3036668,1982451,16,3,2,1
3547399,2081398,18,2,5,1
1174464,530263,9,0,0,0
1261095,463755,1,0,1,0
586511,439863,5,0,1,0
973971,534650,5,0,0,0
3047263,2787937,9,3,6,1
3370911,1187253,18,2,0,1
3340871,1620163,13,3,7,1
1129075,424603,4,0,0,0
1050884,424425,5,0,1,0
1207507,594955,3,0,1,0
2906070,1579275,22,2,4,1
3048577,1561191,13,2,7,1
2460233,2751367,13,3,2,1
2573252,1346111,16,3,7,1
784451,257612,7,0,1,0
992473,441947,4,0,1,0
3724410,857111,13,1,5,1
3497986,2744799,16,2,6,1
2626272,2169496,14,1,5,1
985597,526705,3,0,0,0
1366291,512557,4,0,0,0
1228750,559992,8,0,0,0
2758508,2777599,21,2,7,1
1227113,632915,8,0,1,0
2343918,2157169,24,1,7,1
2834323,2721835,20,1,4,1
827917,316379,8,0,1,0
4318940,2357372,9,1,6,1
890628,555623,5,0,2,0
899648,523421,2,0,0,0
2993850,1984606,14,2,1,1
3260344,1109687,16,3,7,1
2667674,1159564,16,1,0,1
885267,632819,7,0,1,0
2913577,1719034,15,2,3,1
661507,567792,5,0,3,0
3441143,2005940,18,1,5,1
2633258,2245996,18,2,9,1
2933498,2317664,20,2,12,1
1002046,714227,11,0,1,0
730362,486598,6,0,0,0
978247,587006,3,0,2,0
1376404,362809,7,0,0,0
1129537,402412,3,0,3,0
1315842,549331,6,0,1,0
1219755,215145,3,0,1,0
3899240,1082115,20,1,2,1
2357806,2948943,22,3,7,1
2122857,1850151,7,1,3,1
1151793,644011,4,0,3,0
2858937,2369972,9,2,2,1
1075139,475248,8,0,0,0
3480152,1919934,15,3,6,1
3219289,2528362,12,1,2,1
3154146,2366040,21,2,5,1
742007,503200,5,0,0,0
3428487,1986307,15,3,5,1
2026328,2071495,18,2,1,1
1318637,647117,4,0,3,0
3309516,3029922,17,1,5,1
1253382,589519,3,0,2,0
1022184,342977,5,0,1,0
834900,603028,2,0,0,0
1065385,492950,9,0,1,0
1211424,568150,6,0,0,0
1377237,416764,4,0,2,0
957310,534648,3,0,2,0
1186256,469082,4,0,2,0
2479900,1214290,19,2,0,1
1130278,570900,3,0,1,0
1158206,482305,7,0,1,0
3636357,1968127,11,2,6,1
2855712,1674055,18,2,5,1
992834,729889,6,0,0,0
2690919,1812296,22,2,4,1
1061560,619663,7,0,2,0
856031,605315,4,0,0,0
2803454,1612898,10,3,6,1
1114119,468359,6,0,1,0
2783852,3355397,17,2,6,1
3051769,2150703,11,2,4,1
2867727,2376708,12,3,3,1
3056728,1317947,13,3,4,1
757796,595670,7,0,0,0
2999142,2382106,15,3,8,1
1271127,575915,3,0,0,0
955806,624774,3,0,1,0
2842366,2019856,13,3,6,1
1807547,879042,22,2,6,1
2684576,992549,21,2,7,1
2575139,1704302,12,1,1,1
904165,481312,7,0,1,0
3341606,1525625,9,1,3,1
859589,387727,10,0,0,0
949004,505701,3,0,0,0
1121201,323923,5,0,1,0
1034636,684663,5,0,0,0
1022703,474262,4,0,0,0
938090,434864,3,0,0,0
834553,691403,6,0,1,0
1150277,623609,5,0,1,0
2879284,2383194,20,1,3,1
3248894,1851066,15,1,6,1
785821,355198,7,0,5,0
3097538,2649574,13,1,8,1
616245,520292,2,0,1,0
976870,527157,4,0,0,0
3351570,1685925,17,2,4,1
724466,491784,1,0,1,0
2826614,1364225,18,3,2,1
864615,509612,4,0,0,0
840620,490111,7,0,1,0
3101679,2971764,11,2,4,1
2803194,2157064,11,2,3,1
3541572,2727800,15,3,4,1
3421256,1736002,16,1,5,1
1096494,280119,4,0,1,0
935587,464070,4,0,2,0
3727717,2304567,11,1,6,1
956065,365554,4,0,1,0
3236572,2882456,13,2,3,1
1080810,442925,5,0,1,0
774058,749299,1,0,2,0
2773054,1980036,19,3,4,1
974416,444250,4,0,1,0
1082556,527902,8,0,0,0
1353090,442882,2,0,0,0
881685,617272,4,0,2,0
1073319,498036,3,0,0,0
1037353,706150,3,0,2,0
1195023,538193,3,0,0,0
1052211,745530,4,0,1,0
3026263,3045547,16,1,4,1
1196538,323919,3,0,3,0
3550665,2118111,10,2,8,1
2431483,1758170,19,2,5,1
931457,436261,4,0,1,0
1300471,401037,9,0,0,0
476050,455449,9,0,2,0
2998815,2588266,26,1,2,1
3456310,1748565,11,2,1,1
2114759,2408990,14,2,3,1
1149458,549403,10,0,0,0
2144698,1867822,14,2,2,1
2926573,2237667,12,1,3,1
659483,460036,4,0,0,0
1190084,559740,4,0,2,0
1126783,384163,6,0,2,0
1753594,2637220,10,1,6,1
713971,451611,4,0,1,0
1023465,432837,3,0,3,0
766264,533445,5,0,1,0
2652425,2315437,13,2,6,1
925711,416079,4,0,1,0
1080996,557258,4,0,1,0
2339553,1941166,16,3,4,1
3556050,2718184,19,3,2,1
1307607,640934,4,0,0,0
921578,516645,5,0,1,0
2293637,2627259,21,3,5,1
788457,561058,8,0,1,0
3126868,1312182,14,1,2,1
897226,522391,2,0,1,0
1133934,544047,5,0,2,0
3503303,2199381,10,1,7,1
1022845,666990,4,0,1,0
3695127,2530628,9,2,2,1
3166684,1381760,14,3,3,1
3453272,2096724,12,1,8,1
2846993,2679648,14,3,6,1
940198,447713,4,0,1,0
838301,496531,7,0,0,0
2380205,1644348,14,1,7,1
1295578,399585,6,0,1,0
792951,433709,5,0,3,0
3058415,2294819,15,3,4,1
777884,705620,2,0,1,0
2915849,1354528,16,1,4,1
2959466,1816381,15,1,5,1
1325723,401751,5,0,0,0
2152872,1997446,14,2,5,1
950851,463467,4,0,3,0
2696088,1356197,13,3,3,1
2936740,2049656,15,2,8,1
2667153,1994767,15,1,9,1
909986,664201,6,0,2,0
3004394,2308331,12,2,6,1
2950845,1971364,18,2,6,1
2828925,2166615,12,1,3,1
967742,642050,8,0,2,0
1299208,518335,5,0,2,0
2995167,2771138,20,1,4,1
1142191,549097,5,0,1,0
2592800,2593538,13,3,6,1
3090994,1798467,20,2,7,1
778733,644697,5,0,2,0
1132426,333141,5,0,3,0
3694882,2803957,20,3,5,1
3333313,1747683,11,1,4,1
867642,477903,5,0,1,0
677456,434737,4,0,0,0
1156364,564870,10,0,1,0
3275508,2550868,22,3,2,1
1191854,385699,6,0,2,0
2793288,1545155,13,1,4,1
1228564,565854,4,0,0,0
2510846,2022031,20,3,5,1
747823,639935,6,0,1,0
3216176,2167163,14,2,4,1
3613636,2168138,12,3,5,1
1108512,570030,5,0,1,0
788157,636414,8,0,1,0
3449179,1510349,12,3,1,1
583614,628975,5,0,1,0
903153,539348,7,0,1,0
1066732,619064,7,0,0,0
884619,570117,6,0,3,0
3353615,2769598,20,1,6,1
2673524,2101191,16,3,3,1
913488,499088,6,0,1,0
3206808,2234270,11,3,7,1
2735526,1897116,11,1,4,1
1392945,375613,7,0,0,0
1148652,501468,6,0,2,0
3449255,1975585,18,2,5,1
1051976,638215,5,0,0,0
1381883,583352,5,0,1,0
2695753,2589126,11,2,3,1
1202874,626258,5,0,1,0
3966679,1596174,16,2,3,1
804325,462716,4,0,1,0
884621,284710,4,0,1,0
1290706,537721,5,0,1,0
1983823,1580749,16,2,5,1
749777,558636,2,0,1,0
3245722,2542611,20,1,5,1
2979331,1966384,16,3,10,1
3165056,2343283,10,1,1,1
3178830,2011540,12,2,6,1
2466983,1913979,18,3,8,1
1153486,518483,6,0,0,0
2537055,1761561,12,1,5,1
1300798,526859,3,0,1,0
2801442,2219575,17,1,6,1
942268,394658,4,0,0,0
3386619,2016092,17,1,8,1
1094519,593259,3,0,0,0
1125669,585022,3,0,1,0
3627674,1980427,14,2,2,1
3186766,2232125,19,3,6,1
3664083,1491044,13,1,4,1
1088763,604955,5,0,1,0
3168883,1907956,19,3,5,1
1290228,563873,3,0,2,0
3122519,2362245,18,1,6,1
3252135,2330229,15,2,1,1
678503,606667,2,0,0,0
639023,514171,3,0,1,0
3544768,2863981,14,1,7,1
4249215,2643191,21,3,5,1
3870470,2709727,13,2,10,1
3027501,1807755,13,1,8,1
1076813,510537,9,0,1,0
667695,484753,8,0,2,0
2725105,1221524,18,1,7,1
1012856,454769,9,0,0,0
3072713,1926430,18,1,7,1
856939,341609,5,0,1,0
3246007,1612196,18,2,4,1
2434466,199457,14,1,2,1
1190800,519652,4,0,1,0
602486,471821,3,0,0,0
1104388,620650,6,0,1,0
3252778,2230398,12,2,9,1
2280794,1907724,21,2,4,1
2327332,967348,21,3,6,1
585321,607250,9,0,1,0
2618791,1602005,17,1,6,1
917624,410153,6,0,2,0
3633980,2258072,15,1,7,1
1094718,604416,5,0,1,0
3715576,1981709,9,1,5,1
2279509,2199496,15,3,4,1
1024059,598176,5,0,2,0
1019535,520109,5,0,1,0
827201,541901,9,0,2,0
3149542,2589994,21,2,6,1
869871,622766,7,0,0,0
2710770,1642967,8,2,6,1
718507,300179,5,0,0,0
1068351,618947,5,0,1,0
1099342,407676,4,0,0,0
1103869,480931,2,0,0,0
3559447,1761080,16,2,4,1
2594735,1864816,14,2,6,1
3224913,2003863,10,3,9,1
950192,487017,3,0,3,0
4032110,1599832,13,1,1,1
938157,452125,0,0,1,0
1014663,656151,8,0,2,0
2812183,1566012,21,3,3,1
3230021,2684047,21,2,3,1
4264963,2497149,14,1,3,1
984579,513296,6,0,3,0
987464,512522,7,0,1,0
1438091,679455,4,0,0,0
3768078,2349732,8,1,7,1
1127718,513354,5,0,1,0
3042047,947708,19,2,5,1
1079827,414947,5,0,1,0
1019415,495053,7,0,2,0
2966361,1649355,11,3,6,1
828568,688115,3,0,0,0
3367238,1851101,13,1,4,1
2388389,1707799,15,1,3,1
2699807,1845466,12,2,3,1
1066462,602257,6,0,1,0
1183572,592463,9,0,1,0
870976,606548,7,0,2,0
3092918,1734061,9,1,7,1
1013712,446913,4,0,1,0
834200,437443,3,0,0,0
2821004,932100,13,2,7,1
1231622,344341,11,0,0,0
3649993,2746501,14,2,5,1
2411119,2205976,12,3,3,1
723440,344410,7,0,0,0
3846773,1634372,13,2,7,1
2907451,2768030,20,3,4,1
1138028,515041,5,0,1,0
1107782,377605,4,0,1,0
2325037,1598444,15,2,4,1
1082586,474095,7,0,2,0
1351068,528119,6,0,1,0
1192675,490470,3,0,0,0
879872,492556,7,0,2,0
1100183,488877,2,0,0,0
750852,490082,3,0,0,0
2936733,2132145,15,2,7,1
2870995,2084873,19,1,4,1
3068830,2301822,14,3,6,1
2710943,2198183,19,1,5,1
849252,519408,5,0,0,0
1379358,518660,4,0,1,0
946222,618570,4,0,1,0
1068230,429987,2,0,1,0
1019866,426447,10,0,2,0
2648544,3396104,11,2,4,1
2849587,1196871,17,1,8,1
2029070,389491,14,2,4,1
1295988,479641,2,0,2,0
1690933,1820520,15,3,5,1
1312928,463716,7,0,1,0
3840746,1887253,13,3,2,1
830031,469753,4,0,1,0
3414661,2780127,15,2,5,1
995174,650133,7,0,2,0
3616703,2602909,20,1,4,1
1428788,499639,7,0,2,0
1081650,672696,3,0,1,0
936946,491026,0,0,0,0
1231719,524938,2,0,2,0
787539,451056,6,0,1,0
3343713,1844531,10,2,4,1
1137252,584064,4,0,2,0
2418478,1474972,20,2,8,1
2098124,2274033,19,1,3,1
1142800,449794,6,0,1,0
1034273,520768,6,0,3,0
783787,518102,5,0,1,0
1051510,444777,4,0,2,0
734362,492983,7,0,0,0
625841,439048,6,0,0,0
3064684,1897935,11,1,2,1
3996018,1457126,23,2,3,1
2984240,1979370,16,1,1,1
1040692,757970,5,0,1,0
893899,416465,4,0,1,0
2589560,1579753,5,3,10,1
3254844,2179840,16,3,5,1
891123,562180,7,0,1,0
2296511,2138776,14,1,4,1
3120438,1785840,10,1,3,1
1072327,508228,1,0,0,0
2743705,2657037,9,3,4,1
2424001,1985891,23,1,5,1
1044818,740341,5,0,3,0
902574,379035,6,0,0,0
3696019,2279361,17,2,6,1
2696369,2674567,14,3,4,1
894848,545353,8,0,1,0
1205831,522468,5,0,0,0
1030060,539467,4,0,2,0
1946555,2436393,10,1,8,1
893948,504886,6,0,0,0
949486,673596,3,0,1,0
1164380,645338,4,0,1,0
2204929,2017135,11,1,3,1
1009114,403302,1,0,0,0
739106,340700,8,0,1,0
906164,501557,5,0,1,0
988883,557929,3,0,2,0
1002600,444107,6,0,1,0
818395,437303,5,0,2,0
2450541,1631968,18,2,7,1
2588081,1872761,17,2,5,1
1048737,496277,3,0,0,0
2701260,1300385,14,3,7,1
2227532,1925319,17,1,2,1
897996,351510,4,0,1,0
962868,456026,5,0,0,0
4467703,2125314,13,3,6,1
1232632,497564,3,0,0,0
2742047,1613728,14,3,5,1
4389981,1889990,18,2,4,1
2117306,1549775,18,1,8,1
3090147,2926020,12,2,2,1
1013960,561351,3,0,1,0
1041772,583392,8,0,0,0
993449,545588,6,0,1,0
2782117,1285547,24,3,5,1
2903286,2621714,14,1,7,1
2497854,2078411,15,2,7,1
1333094,347434,5,0,1,0
1171279,587245,6,0,1,0
2357204,674085,13,3,2,1
978593,429800,7,0,1,0
844436,303364,3,0,2,0
2622024,1988781,18,2,6,1
3221158,2594613,17,1,1,1
892048,411250,4,0,0,0
693177,361042,5,0,2,0
3563843,2162329,18,3,6,1
1021878,497269,4,0,1,0
961527,438721,6,0,0,0
1023134,556390,2,0,1,0
2417974,2759976,7,2,5,1
2769366,1947820,18,3,5,1
1082686,442348,7,0,1,0
2656730,1663547,20,3,4,1
1102653,478601,8,0,0,0
2741576,2400350,18,1,8,1
2980418,1045401,11,1,8,1
3669663,2071022,13,3,6,1
2818213,2654722,12,3,5,1
824876,523378,4,0,0,0
906854,512200,5,0,3,0
657373,390372,7,0,0,0
1426606,451681,3,0,0,0
927806,566288,2,0,1,0
3731127,1691612,20,3,6,1
2977863,1573300,9,2,10,1
1088852,573487,4,0,0,0
3055564,1921761,21,3,3,1
1131310,716325,1,0,0,0
3637214,1977696,19,2,8,1
2892522,1544191,19,3,6,1
858466,563517,7,0,0,0
970588,543004,4,0,2,0
2592565,1791108,11,2,2,1
3072163,2039219,17,1,3,1
1151078,358628,9,0,1,0
3331772,1678408,15,1,3,1
3268706,2384515,15,1,1,1
2899899,2529085,8,1,9,1
3180220,1971024,12,2,4,1
2856046,3471524,19,3,3,1
1108672,560913,7,0,0,0
1013505,563240,3,0,3,0
996297,561277,5,0,0,0
2910242,1910190,18,3,15,1
835555,492839,1,0,2,0
592153,639200,3,0,0,0
1273374,541379,2,0,1,0
952636,680094,4,0,1,0
3377479,2676534,17,1,4,1
3357587,2230636,19,3,1,1
3660497,1501534,12,3,6,1
3723281,1750063,12,1,5,1
934467,538240,5,0,0,0
2885997,1871473,12,2,5,1
3195604,1642243,9,3,4,1
1065226,447138,9,0,0,0
2085159,1993978,27,3,4,1
1046450,627845,4,0,0,0
3162018,1798310,23,2,5,1
3012215,1284322,5,1,3,1
3484384,1573033,7,3,6,1
1067699,653075,2,0,1,0
718307,760168,5,0,0,0
3405852,2614428,6,2,7,1
783690,444641,5,0,0,0
915803,547469,3,0,0,0
3028370,2161252,11,2,2,1
952210,553875,8,0,0,0
914623,439428,4,0,2,0
2559994,2009023,17,3,4,1
3351266,2425359,13,2,3,1
3483589,2645230,18,2,6,1
993057,528586,8,0,0,0
631825,444814,5,0,0,0
3701004,1513850,16,2,4,1
2965776,2976553,13,2,3,1
1150386,701020,5,0,3,0
1002785,357818,7,0,0,0
669028,529929,11,0,2,0
845398,605065,5,0,2,0
911991,467965,5,0,1,0
1011843,424320,1,0,2,0
3165735,1330255,15,2,7,1
2889200,2483897,16,1,8,1
3015879,2337568,15,1,6,1
907872,496044,5,0,1,0
3825286,810501,19,1,4,1
2668281,1130397,17,2,2,1
1961440,2316612,19,3,5,1
2821086,1111159,12,3,2,1
3501118,1192076,15,2,9,1
953169,405060,6,0,1,0
1986161,2843774,16,3,8,1
2917925,975262,19,2,2,1
795122,431081,6,0,0,0
2283134,1435704,17,3,5,1
3128686,2374872,27,1,5,1
982175,531978,8,0,2,0
3346608,1480444,11,3,4,1
2298566,477671,13,3,3,1
3358170,1530422,14,1,7,1
2259427,1387500,12,2,5,1
995819,444969,8,0,2,0
2625292,1945067,17,3,3,1
1162701,326028,8,0,1,0
1059396,418306,2,0,1,0
1165881,506447,7,0,1,0
1064816,593828,7,0,4,0
2377756,1778705,17,1,3,1
1003686,487905,9,0,0,0
3606064,2298768,13,1,2,1
2688864,1545159,15,2,2,1
944989,381240,3,0,3,0
3167984,1260401,11,2,5,1
778694,571895,6,0,3,0
1247563,415303,8,0,1,0
989952,507600,3,0,1,0
1019399,495307,7,0,1,0
717539,681244,5,0,1,0
755574,483287,6,0,0,0
755831,608078,3,0,1,0
4028905,1962827,15,2,5,1
3489228,1136994,24,1,7,1
2566038,1679922,16,1,3,1
971524,725243,3,0,1,0
3440032,2683194,10,3,6,1
923088,550799,6,0,1,0
2684298,1298815,10,3,4,1
3140022,522875,12,1,2,1
933099,471889,9,0,2,0
2149167,2432034,14,3,4,1
2921081,2436408,14,3,10,1
1176327,662839,7,0,2,0
1058614,519109,2,0,1,0
3263919,987480,17,1,11,1
2320912,2621734,22,1,8,1
897756,479067,5,0,1,0
1142599,528257,3,0,1,0
929697,481302,5,0,1,0
2816398,2541791,14,2,7,1
1062849,677080,4,0,0,0
886740,522378,9,0,1,0
3668484,964311,25,2,3,1
2650869,1364818,14,2,6,1
3449058,1295540,14,3,6,1
910697,371969,6,0,0,0
4182703,1765326,11,3,2,1
3018787,2553355,15,3,4,1
3482384,1701503,17,3,10,1
3891961,1823367,22,2,4,1
845242,445375,9,0,2,0
1125133,444480,3,0,1,0
887963,539580,4,0,2,0
792550,503408,2,0,1,0
3445028,2397461,14,2,2,1
2659752,1843964,11,3,4,1
3230412,1569717,16,2,3,1
804488,409609,5,0,1,0
2591054,1470599,15,2,10,1
1115311,504381,4,0,1,0
1094766,574625,8,0,0,0
3062142,2514590,16,2,7,1
797433,496501,6,0,0,0
2991888,1669487,14,2,6,1
1115414,591907,6,0,0,0
1039616,467732,6,0,1,0
2875315,1472005,17,2,7,1
3590945,2007513,16,2,4,1
3769571,2005931,12,3,5,1
2859417,3060815,21,1,3,1
3902787,1819185,21,2,2,1
752436,564719,7,0,1,0
3042263,2199734,19,2,3,1
1217790,311045,1,0,2,0
769801,427286,7,0,1,0
723979,477536,3,0,1,0
3240304,2451135,9,2,4,1
1135919,576041,4,0,0,0
608065,545918,4,0,1,0
718667,559252,2,0,2,0
3403523,1887096,16,3,6,1
884836,714514,3,0,0,0
3173058,2102727,18,3,6,1
2333775,2445931,13,2,4,1
925035,660734,8,0,1,0
3075703,1551170,22,3,2,1
740984,424658,3,0,1,0
2646223,2472655,7,3,10,1
3498529,2388114,15,1,5,1
3191216,1841958,15,3,10,1
2477581,2959303,16,3,5,1
4280251,1757991,11,2,6,1
2395400,1421529,20,2,5,1
805063,469222,9,0,2,0
3067595,2021515,21,3,3,1
2640005,3144395,7,1,7,1
2707103,1423457,17,1,6,1
2746905,613092,12,1,7,1
2882363,1806185,16,2,4,1
2998097,2197799,17,1,4,1
863995,502874,8,0,2,0
2622566,1745453,18,1,5,1
833809,494423,3,0,0,0
4098323,1722359,16,1,3,1
3615351,2839873,11,3,2,1
839544,618901,4,0,1,0
908127,438659,4,0,0,0
2544837,2656891,13,2,2,1
3096325,2029106,21,2,4,1
1122335,453772,7,0,2,0
1069289,460666,5,0,0,0
1009396,367691,10,0,3,0
3123740,1892443,14,1,3,1
1102757,545675,4,0,1,0
2730604,1723715,17,2,5,1
2355259,1542261,18,3,5,1
906105,414164,6,0,1,0
3478996,1573088,12,1,5,1
3916948,2014898,14,2,1,1
2741692,2431718,22,1,3,1
802854,512229,9,0,1,0
1206493,435306,4,0,1,0
2914163,2671090,20,3,6,1
3488215,1784272,12,2,3,1
2009017,816261,12,3,2,1
3143781,1833269,15,1,5,1
1269084,338643,5,0,0,0
1046409,491928,4,0,0,0
1938003,1411386,13,2,5,1
351746,707526,3,0,2,0
1050098,536867,4,0,0,0
696961,563377,10,0,2,0
932843,545997,5,0,1,0
3249441,1876332,14,2,6,1
2683363,2717785,11,3,9,1
1017317,433190,6,0,0,0
2958873,2583870,17,1,9,1
1337428,556898,6,0,0,0
3192985,2331268,16,1,4,1
3100349,2682763,15,1,3,1
752609,483288,6,0,0,0
1001048,436103,5,0,0,0
2259209,2364886,13,1,3,1
2905492,2352168,19,2,2,1
971127,474916,8,0,0,0
1042795,589492,5,0,1,0
1094647,397876,6,0,1,0
1975242,2986172,19,2,4,1
1890111,1468322,18,1,8,1
644255,352108,4,0,2,0
1036926,616929,12,0,3,0
2684174,1024198,9,2,5,1
3062087,2577346,19,3,6,1
1030745,430809,3,0,2,0
3562388,2081680,17,1,3,1
922937,397720,6,0,2,0
1169920,496149,5,0,2,0
3935537,1622250,13,3,5,1
681114,400860,4,0,4,0
1280558,362068,3,0,0,0
3071653,2146974,11,2,4,1
1216610,374846,7,0,0,0
3303920,2058562,15,1,5,1
905010,679768,7,0,0,0
3473403,2551860,11,3,5,1
2261868,1451194,15,3,6,1
3228606,2197686,12,1,9,1
848173,475584,6,0,2,0
2525523,2171053,15,3,5,1
2778368,1610312,11,1,4,1
1016374,356922,5,0,2,0
1333804,432228,1,0,3,0
972347,364831,6,0,2,0
1012046,654750,3,0,0,0
1184805,623828,0,0,0,0
2554715,1580236,15,3,4,1
2766712,1637848,14,1,7,1
3699613,2235254,14,3,4,1
2685393,2335024,23,2,7,1
2624635,2333622,9,3,3,1
993461,366597,4,0,1,0
3383739,2519006,15,2,4,1
3307472,1831092,18,2,6,1
891315,716500,6,0,1,0
2439791,1935561,19,1,5,1
3254841,1686289,4,3,3,1
2347591,1893203,12,2,5,1
937946,616082,3,0,2,0
953813,620041,3,0,1,0
1339291,567318,3,0,1,0
3409869,2872430,14,3,8,1
2863577,2069825,12,2,5,1
974842,603990,7,0,2,0
968398,715730,4,0,1,0
3342225,1735500,10,2,10,1
2596204,877207,14,2,9,1
2349445,1901953,17,3,5,1
3073649,1720602,17,1,5,1
3923197,155817,14,2,5,1
2459042,2016319,18,1,4,1
945455,518468,7,0,0,0
3054007,2344102,14,2,8,1
902478,502818,4,0,1,0
774189,581573,6,0,0,0
1154173,485591,5,0,2,0
2869981,1131097,16,2,4,1
2499342,1470394,21,1,3,1
2684875,2048717,13,1,6,1
847348,621309,3,0,0,0
3347966,2523638,20,3,7,1
1167138,538857,4,0,1,0
3184508,1432914,19,3,4,1
877696,602406,7,0,1,0
2994242,2752531,17,3,5,1
848729,419632,6,0,1,0
707297,549245,5,0,1,0
2966775,1041325,19,1,4,1
934795,555781,8,0,1,0
2216005,1698687,14,2,4,1
875036,443575,6,0,1,0
2943166,2838557,16,1,6,1
2786597,2343619,10,1,1,1
3846173,2436994,13,3,8,1
1103007,534272,5,0,0,0
735953,484994,5,0,1,0
2954015,1721610,19,3,6,1
2415259,1561257,16,3,5,1
1270774,355994,6,0,0,0
2697546,1684577,17,2,8,1
3011169,2152832,12,1,4,1
3429916,2310673,14,3,6,1
3634291,1958455,12,2,2,1
948081,701338,8,0,1,0
1055993,511958,6,0,0,0
3252668,1858424,24,1,3,1
963203,564828,6,0,1,0
1097874,441692,5,0,3,0
1001022,436226,10,0,2,0
3459935,2250458,14,1,6,1
786475,431184,3,0,1,0
720286,300626,7,0,1,0
3290890,2560749,11,3,5,1
2657162,2624855,16,3,3,1
3153225,1612477,11,1,4,1
2327395,2676726,8,3,6,1
1071557,475876,11,0,3,0
816115,568189,8,0,2,0
2598784,2384984,16,1,11,1
1147693,542961,10,0,0,0
3190712,1685481,14,1,5,1
853926,578580,5,0,3,0
1437960,493586,9,0,1,0
1056198,522445,6,0,0,0
1235859,559475,6,0,0,0
1098383,637570,6,0,1,0
1095795,543693,8,0,1,0
2450480,2641397,12,3,5,1
2989071,1441036,22,1,5,1
989141,402838,7,0,2,0
2215927,2465832,13,2,5,1
3218563,1669582,14,3,3,1
666118,609131,4,0,1,0
1162505,603184,3,0,2,0
655016,614927,3,0,1,0
2944340,1062496,16,2,5,1
2124512,1687041,15,1,4,1
1015473,441831,6,0,0,0
838340,532876,5,0,2,0
985434,570835,3,0,0,0
2530379,2481172,16,1,9,1
845434,432360,1,0,0,0
3246988,2027599,14,2,6,1
2859748,2228124,10,2,5,1
4072912,1032517,12,3,6,1
935722,523878,2,0,0,0
988610,544460,8,0,2,0
861418,588365,5,0,0,0
2486959,2349476,10,1,5,1
3182879,2049913,17,2,2,1
841425,504059,7,0,1,0
3674589,2818605,12,3,10,1
3218117,1238832,13,1,6,1
1026148,542416,4,0,2,0
1809630,3558840,10,3,7,1
1112156,535205,7,0,1,0
1157416,521915,4,0,2,0
844339,456254,6,0,0,0
880124,284660,3,0,0,0
859131,524075,4,0,0,0
3093900,1884470,16,2,8,1
918384,368816,4,0,0,0
4764527,2044697,16,2,4,1
2820960,1264436,18,1,9,1
2314986,2483403,18,2,4,1
2951619,1085797,14,2,8,1
2865024,3184643,24,1,5,1
812434,611729,4,0,3,0
1164508,555979,6,0,0,0
3150936,1883137,20,3,7,1
1009704,429498,2,0,1,0
2665772,2497279,22,2,7,1
2736722,1343515,10,3,7,1
1193728,567481,6,0,2,0
2717469,2303973,10,2,4,1
3549242,1032956,21,3,2,1
1240242,501035,7,0,1,0
3238120,1473726,11,2,4,1
2806838,2353728,16,3,5,1
977052,295826,8,0,1,0
617343,490394,3,0,1,0
1004200,388033,5,0,1,0
1151397,382988,3,0,0,0
1375234,377239,5,0,1,0
3411033,1604614,15,3,5,1
1164412,560789,9,0,2,0
3478652,2802809,15,2,3,1
1293129,570775,7,0,1,0
460622,365287,1,0,0,0
2803308,1843661,18,2,5,1
3014387,2343478,13,3,7,1
2538905,1749869,14,2,6,1
1174224,639020,2,0,2,0
2785182,1883051,18,3,4,1
951934,475130,8,0,2,0
2836883,2343428,12,3,2,1
697030,443592,6,0,0,0
2690438,1578073,10,2,5,1
963019,502127,6,0,0,0
1054091,555832,9,0,0,0
2848557,1774873,11,3,6,1
1328993,481471,5,0,1,0
2942720,1845519,12,3,1,1
848923,620836,5,0,2,0
1424431,505963,11,0,0,0
954844,443753,5,0,4,0
3089264,1139461,10,3,7,1
760424,674957,1,0,0,0
3432124,1886528,14,1,7,1
1039811,503800,5,0,1,0
2330265,1534499,20,2,3,1
3233215,2394102,14,2,5,1
1030078,596408,2,0,1,0
3509461,1508837,10,1,7,1
2357000,2320947,17,1,10,1
898611,505194,5,0,0,0
3321150,1736305,18,1,7,1
3220831,1233658,16,3,4,1
689867,752693,5,0,1,0
2639514,1296456,17,3,10,1
3029224,2063229,11,1,8,1
2326373,3360956,8,3,3,1
1065750,400164,9,0,1,0
3558340,2166359,16,1,5,1
997550,465134,0,0,1,0
3524199,1838478,17,2,5,1
1122833,432650,5,0,2,0
818122,420170,6,0,0,0
2815690,2452481,14,1,1,1
2765117,2122478,21,1,7,1
2606412,1404062,10,2,7,1
1891204,2088242,19,3,7,1
3069514,2026529,14,1,6,1
2770070,2271516,9,1,2,1
2970172,2655581,14,1,2,1
